{
  "accuracy": 0.812,
  "precision_macro": 0.7848076923076923,
  "recall_macro": 0.7966666666666665,
  "f1_macro": 0.7880870455709165,
  "precision_weighted": 0.8186923076923077,
  "recall_weighted": 0.812,
  "f1_weighted": 0.8129855606758832,
  "roc_auc_macro": 0.933375,
  "roc_auc_weighted": 0.942105,
  "per_class": {
    "NORMAL": {
      "precision": 0.8990384615384616,
      "recall": 0.935,
      "f1": 0.9166666666666666,
      "support": 200.0
    },
    "BACTERIA": {
      "precision": 0.84,
      "recall": 0.735,
      "f1": 0.784,
      "support": 200.0
    },
    "VIRAL": {
      "precision": 0.6153846153846154,
      "recall": 0.72,
      "f1": 0.663594470046083,
      "support": 100.0
    }
  }
}